{"cameraMode":{"drawMode":0,"name":"Shaded","section":"Shading Mode"},"sceneLighting":false,"audioPlay":false,"sceneViewState":{"m_AlwaysRefresh":false,"showFog":true,"showSkybox":true,"showFlares":true,"showImageEffects":true,"showParticleSystems":true,"showVisualEffectGraphs":true,"m_FxEnabled":true},"in2DMode":false,"pivot":{"x":143.77035522460938,"y":30.260873794555665,"z":129.86798095703126},"rotation":{"x":-0.5866012573242188,"y":-0.028656208887696267,"z":0.02077500708401203,"w":-0.8091038465499878},"size":12.12435531616211,"orthographic":false}